{
  "timestamp": "2025-11-01T14:24:20",
  "theta_JS": 0.8212,
  "theta_W1": 0.0693,
  "by_prompt": {
    "baseline_ai_vs_ai": {
      "promptA": {
        "JS": 0.7204774340212519,
        "W1": 0.01410888135433197,
        "R_JS": 0.8773470945217388,
        "R_W1": 0.20359136153437185
      },
      "promptB": {
        "JS": 0.6414821087522964,
        "W1": 0.03495767911275227,
        "R_JS": 0.7811521051537949,
        "R_W1": 0.5044398140368294
      }
    },
    "baseline_earthquakes": {
      "promptA": {
        "JS": 0.507738856545494,
        "W1": 0.017856387297312416,
        "R_JS": 0.6182889144489697,
        "R_W1": 0.2576679263681445
      },
      "promptB": {
        "JS": 0.5873249562587273,
        "W1": 0.011735500146945318,
        "R_JS": 0.7152033076701501,
        "R_W1": 0.1693434364638574
      }
    },
    "baseline_gravity": {
      "promptA": {
        "JS": 0.6452447696967467,
        "W1": 0.05588401506344478,
        "R_JS": 0.7857340108338366,
        "R_W1": 0.8064071437726519
      },
      "promptB": {
        "JS": 0.6322446853276408,
        "W1": 0.016114554802576696,
        "R_JS": 0.7699034161320516,
        "R_W1": 0.23253325833444005
      }
    },
    "baseline_headaches": {
      "promptA": {
        "JS": 0.6219058616627631,
        "W1": 0.039944099386533094,
        "R_JS": 0.7573135188294727,
        "R_W1": 0.576393930541603
      },
      "promptB": {
        "JS": 0.5471276570009509,
        "W1": 0.019359213610490165,
        "R_JS": 0.6662538443752446,
        "R_W1": 0.27935373175310485
      }
    },
    "baseline_photosynthesis": {
      "promptA": {
        "JS": 0.575340811486196,
        "W1": 0.011705743273099265,
        "R_JS": 0.7006098532467072,
        "R_W1": 0.16891404434486673
      },
      "promptB": {
        "JS": 0.5691474740098205,
        "W1": 0.024716970324516294,
        "R_JS": 0.6930680394664155,
        "R_W1": 0.3566662384490086
      }
    }
  },
  "mean_R_JS": 0.7365,
  "mean_R_W1": 0.3555
}